닉네임,식당 이름,식당 번호,주소
잠봉뵈르맨,소금집델리,1956949040,서울 마포구 월드컵로19길 14
캠핑맨,미미옥,1565282758,서울 용산구 한강대로15길 27
남정석,서울 성동구 로컬릿,1165324605,서울 성동구 한림말길 33
최현석,성동구 중앙감속기,20937806,서울 성동구 성수일로6길 7-1
제빵요리사,홍대 아오이토리,34658234,서울 마포구 와우산로29길 8
야키토리왕,야키토리묵,195609594,서울 마포구 성미산로 165-1
통닭맨,영등포 야키토리 코치,1560090866,서울 영등포구 영중로10길 32-4
방기수,서울 깃든,1540522631,서울 강북구 월계로7나길 46-5
50억 초밥왕,오늘의초밥,38779893,경기 수원시 영통구 센트럴파크로127번길 18
영탉,남영탉,1006208343,서울 용산구 한강대로80길
후포리 촌놈,성동구 제이드앤워터,1012333241,서울 성동구 한림말3길 29
황진선,서울 서교동 진진,36202928,서울 마포구 월드컵북로1길 60
청와대 셰프,강릉 미트컬쳐,1108028891,강원 강릉시 경강로 2629
프렌치돌,논현동 사브서울,1049547557,서울 강남구 논현로175길 6
시크릿코스,서울 한남동 로기,1271542132,서울 용산구 한남대로27가길 32
4.8.100,천하제일솥뚜껑,1720610031,서울 성동구 성수이로7길 27
안유성,광주옥1947,1115814959,광주광역시 서구 상무대로 1104-20
풀메 요리사,신사동 이야이야앤프랜즈,1571415075,서울 강남구 도산대로51길 22 1
쿠킹 텔러,방배동 와일드플라워,1679378998,서울 서초구 방배로26길 19
돌아온 소년,팔발라,1595682915,서울 종로구 삼청로 61
간귀,에다마메 남영,1264343790,서울 용산구 한강대로76길 11-40
만찢남,조광201,1132840035,서울 송파구 새말로10길 8
일식 타짜,심야식당 세이지,37619274,서울 은평구 연서로27길 13-6
최현석,서울 강남 달리아다이닝,1040490502,서울 강남구 도산대로45길 14
통닭맨,성수동 아타리,1524295679,서울 성동구 성덕정19길 13
최현석,청담동 쵸이닷,280965665,서울 강남구 도산대로 457
반찬 셰프,마마리다이닝,1989841603,서울 영등포구 국제금융로 10 IFC몰 L3층 306호
해피버스데이,을지로 더 시옷,491496915,서울 중구 수표로 30
조은주,서울 여의도 63빌딩 터치 더 스카이,11845747,서울 영등포구 63로 50
일식 타짜,서울 영등포 나카지마 고에몽,1051306491,서울 영등포구 국회대로54길 10
박준우,서울 종로 카페 오쁘띠베르,1445845015,서울 종로구 자하문로 47-1
코리안 타코킹,성수동 엘몰리노,1374963662,서울 성동구 서울숲2길 19-18
코리안 타코킹,신당중앙시장 라까예,1095176086,서울 중구 퇴계로85길 42
오세득,제주 오팬파이어,1956611146,제주 제주시 조천읍 남조로 1781
요리하는 돌아이,디핀옥수,1690484049,서울 중구 퇴계로 411
장사천재 조사장,을지로보석,1148721944,서울 중구 마른내로11-10
철가방 요리사,도량,1817207066,서울 종로구 자하문로6길 6 2
트리플스타,트리드,1570882425,서울 강남구 선릉로162길 16
파브리,서울 용산 파브리키친,1775308300,서울 용산구 한강대로15길 23-6
통닭맨,용산 야키토리혼바,1213797224,서울 용산구 후암로 79
짹짹이,이태원 잭잭,1747946790,서울 용산구 회나무로6길 21
광속요리사,서울 종로 스시논데,1220232767,서울 종로구 종로18길 37
장호준,네기다이닝라운지,1141137916,서울 강남구 도산대로15길 18
안유성,광주 가매일식,13570506,광주광역시 서구 상무대로 1104-26
정지선,서울 티엔미미 강남점,1277052112,서울 서초구 사임당로 143 104-1~3
안유성,장수나주곰탕,1929812463,광주광역시 서구 대남대로487번길 14
오세득,제주 친밀 제주,1680427154,제주 제주시 조천읍 남조로 1781
김승민,제주 애월 모리노아루요,37275351,제주 제주시 애월읍 하소로 769-58
봉주부,서울 신사동 블그레,1804965360,서울 강남구 논현로175길 101-4
요리하는 돌아이,디핀신당,1647309508,서울 중구 퇴계로 411
멜버른 베스트,강남 카페 윰드,1759147143,서울 강남구 도산대로58길 18
B급 셰프,제주 넘은 봄,1674851816,제주 제주시 구좌읍 김녕로1길 75-1
키친갱스터,나우 남영,1701557644,서울 용산구 원효로89길 23
조셉 리저우드,서울 신사동 에빗,1838135293,서울 강남구 도산대로45길 10-5
남정석,강원 강릉 그린볼,1640795417,강원 강릉시 산양큰길22번길 30
만찢남,조광101,1987750305,서울 송파구 새말로10길 8
골목식당 1호,서울 가야가야 이대점,13507856,서울 서대문구 이화여대5길 7-3
최지형,서울 마포구 리북방,1625759346,서울 마포구 마포대로1길 16
돌아온 소년,와인바 에이넷,1417399414,서울 강남구 논현로159길 46-6
평가절하,마포구 포그,1731553966,서울 마포구 백범로16안길 15-1
고기깡패,군몽,1067519480,서울 용산구 한강대로27가길 15
이모카세1호,즐거운술상,1066385752,서울 도봉구 노해로 341 117호
황금삽,양산 장화,1522110432,경남 양산시 물금읍 증산역로 155
광속요리사,성수 스낵바논데,1134129193,서울 성동구 왕십리로 58
뷔페집 둘째딸,서울 마포구 마늘집,1006111541,서울 마포구 양화로3길 15
코리안 타코킹,한남 에스콘디도,1972645921,서울 용산구 한남대로20길 61-7
김도윤,서울 강남 윤서울,1698341503,서울 강남구 선릉로 805
여경래,서울 역삼동 홍보각,1151061731,서울 강남구 봉은사로 130
최강록,서울 잠실 식당네오,1228463080,서울 송파구 삼전로12길 4
장호준,네기라이브,1369870234,서울 성동구 성수이로 97
셀럽의 셰프,Buto,1167070143,서울 용산구 한남대로27가길 32
반찬 셰프,마마리마켓,1696863258,서울 성동구 연무장18길 16
나폴리 맛피아,비아톨레도파스타바,1018077796,서울 용산구 원효로83길 7-2
방구석 다이닝,서울 망원동 피델리오,1934594205,서울 마포구 월드컵로19길 31-1
히든천재,포노부오노,1283188906,서울 강남구 도산대로45길 8-7
원투쓰리,본연,1308638160,서울 강남구 논현로 742
비빔대왕 유비빔,전주 전주비빔소리,1755299109,전북 전주시 덕진구 건지산로 53-3
천만 백반,대구 팔공산 엄마밥상,1426667189,경북 칠곡군 동명면 팔공산로 157
봉주부,라운지 바이 블그레,1776674742,서울 강남구 논현로175길 101-4
광속요리사,광진구 참치논데,1656060133,서울 광진구 능동로37길 35